Alert ID,Entry Date,Ticker,Entry Price,Shares,Cost Basis,Days Held,Status,Position Type,Strategy,Timeframe,Alert Name
1552243182,2025-08-06,TNA,35.27,1,35.27,68,Open,Long,1D TNA nEqual,1D,1D TNA nEqual
1558488691,2024-09-18,SOXL.,107512.0,1,107512.0,390,Open,Long,2HR SOXL  Equal,2h,2HR SOXL  Equal
1558538091,2025-02-21,PLTR,107.7,1,107.7,234,Open,Long,2HR PLTR Skew,2h,2HR PLTR Skew
1558538091,2024-09-13,PLTR.,14565.0,1,14565.0,395,Open,Long,2HR PLTR Skew,2h,2HR PLTR Skew
1559235710,2024-09-19,FANG.,12187.0,1,12187.0,389,Open,Long,1D FANG Equal,1D,1D FANG nEqual L2024
1559438232,2024-10-25,SVIX,24.05,1,24.05,352,Open,Long,15M SVIX Skew,15m,15M SVIX Skew
1559438232,2024-09-26,SVIX.,20268.0,1,20268.0,382,Open,Long,15M SVIX Skew,15m,15M SVIX Skew
1561173569,2025-02-19,AAPL,244.72,1,244.72,235,Open,Long,1HR AAPL Skew,1h,1HR AAPL Skew
1561173569,2024-09-25,AAPL.,5378.0,1,5378.0,383,Open,Long,1HR AAPL Skew,1h,1HR AAPL Skew
1561973772,2024-09-19,FAS.,20542.0,1,20542.0,389,Open,Long,1D FAS Skew,1D,1D FAS Skew
1562024390,2025-02-19,TD,85.0,1,85.0,236,Open,Long,2HR TD Skew,2h,2HR TD Skew
1562024390,2024-09-19,TD.,5399.0,1,5399.0,388,Open,Long,2HR TD Skew,2h,2HR TD Skew
1562027170,2024-12-30,TQQQ,81.2,1,81.2,287,Open,Long,1D TQQQ Skew,1D,1D TQQQ Skew
1562034698,2025-02-26,PANW,189.22,1,189.22,229,Open,Long,2HR PANW Skew,2h,2HR PANW Skew
1562036981,2025-09-22,MSFT,515.15,1,515.15,21,Open,Long,2HR MSFT 1Skew,2h,2HR MSFT 1Skew
1562036981,2024-09-19,MSFT.,4574.0,1,4574.0,389,Open,Long,2HR MSFT Skew,2h,2HR MSFT 1Skew
1562048005,2024-09-18,NVDA.,2248.0,1,2248.0,389,Open,Long,5M NVDA Skew,5m,5M NVDA Skew
1562050720,2024-09-26,NVDL.,60.22,1,60.22,382,Open,Long,30M NVDL Equal,30m,30M NVDL Equal
1562094958,2025-01-29,ANF,121.39,1,121.39,257,Open,Long,4H ANF Skew,4h,4H ANF Skew
1562122079,2025-02-26,MU,98.5,1,98.5,229,Open,Long,1HR MU Skew,1h,1HR MU Skew
1562137229,2024-09-16,NFLX.,18199.0,1,18199.0,392,Open,Long,1D NFLX Skew,1D,1D NFLX Skew
1562227593,2025-02-28,WULF,4.02,1,4.02,227,Open,Long,1HR WULF Skew,1h,1HR WULF Skew
1562227593,2024-09-17,WULF.,10315.0,1,10315.0,391,Open,Long,1HR WULF Skew,1h,1HR WULF Skew
1563014871,2025-02-21,BRK.B,479.55,1,479.55,233,Open,Long,2HR BRK.B Skew,2h,2HR BRK.B Skew
1563014871,2024-09-23,BRK.B.,136.0,1,136.0,385,Open,Long,2HR BRK.B Skew,2h,2HR BRK.B Skew
1565037848,2024-10-11,SHOP,82.14,1,82.14,367,Open,Long,JS Skewed Level Strategy,2h,
1566470822,2024-10-16,ASTS.,26.4,1,26.4,362,Open,Long,JS Skewed Level Strategy,1h,
1572287450,2025-03-06,META,648.54,1,648.54,221,Open,Long,JS Skewed 4H Strategy,4h,
1572360030,2025-01-01,NQ1,21269.0,1,21269.0,284,Open,Long,1D NQ Skew,1D,1D NQ Skew
1573232682,2025-02-18,CRM,328.59,1,328.59,237,Open,Long,1D CRM Skew,1D,1D CRM Skew
1573248552,2024-09-25,JNUG.,51.87,1,51.87,383,Open,Long,JNUG Alert for Henry,15m,JNUG Alert for Henry
1573259383,2024-11-26,JDST,28.03,1,28.03,321,Open,Long,JS Equal Level Strategy,4h,
1573343540,2025-01-15,VKTX,34.64,1,34.64,270,Open,Long,2HR VKTX Skew,2h,2HR VKTX Skew
1573343540,2024-09-25,VKTX.,7647.0,1,7647.0,383,Open,Long,2HR VKTX Skew,2h,2HR VKTX Skew
1574135711,2024-11-06,XOM,121.15,1,121.15,341,Open,Long,JS Skewed Level Strategy,1D,
1574144925,2025-03-05,KO,70.4,1,70.4,221,Open,Long,JS Skewed Level Strategy,2h,
1575214508,2024-11-27,SMMT.,19.49,1,19.49,320,Open,Long,30M SMMT Equal,30m,30M SMMT Equal
1577054156,2025-10-01,AFRM,75.96,1,75.96,12,Open,Long,2HR AFRM 1Equal,2h,2HR AFRM 1Equal
1577648623,2025-09-24,TLT,89.08,1,89.08,19,Open,Long,4HR TLT 1Equal,4h,4HR TLT 1Equal
1577648623,2024-09-24,TLT.,137.0,1,137.0,384,Open,Long,4HR TLT 1 Equal,4h,4HR TLT 1Equal
1579119191,2025-03-14,UPST,48.05,1,48.05,213,Open,Long,2HR UPST 4 Skew,2h,2HR UPST 4 Skew
1580005510,2025-08-05,RTY1,2234.2,1,2234.2,68,Open,Long,1D RTY1! nEqual,1D,1D RTY1! nEqual
1580335885,2025-02-18,NQ1,22224.5,1,22224.5,236,Open,Long,Edge Cap NQ Skew,2h,
1580488408,2024-11-05,BITX,33.2,1,33.2,341,Open,Long,30M BITX 4 Skew,30m,30M BITX 4 Skew
1580488408,2024-09-25,BITX.,29.75,1,29.75,383,Open,Long,30M BITX 4 Skew,30m,30M BITX 4 Skew
1580565370,2025-10-02,URA,49.26,1,49.26,11,Open,Long,2H URA NQSkew,2h,2H URA NQSkew
1582798101,2025-07-02,DKNG,41.07,1,41.07,103,Open,Long,2H DKNG NQSkew,2h,2H DKNG NQSkew
1585074227,2024-10-25,SVIX,24.05,1,24.05,352,Open,Long,JS Skew with 5% Stop Loss,15m,
1585155592,2024-10-02,TQQQ,69.01,1,69.01,376,Open,Long,Edge Cap 10% Stop NQ Skew,4h,
1585191931,2025-09-23,WMT,102.39,1,102.39,20,Open,Long,4H WMT 10% SL NQSkew,4h,4H WMT 10% SL NQSkew
1586141906,2025-02-03,IWM,221.51,1,221.51,252,Open,Long,JS 4 Skew,1D,
1587211130,2025-03-24,SFM,143.13,1,143.13,203,Open,Long,1D SFM 1Skew,1D,1D SFM 1Skew
1587211833,2025-07-02,SFM,160.11,1,160.11,102,Open,Long,2H SFM NQSkew,2h,2H SFM NQSkew
1587522827,2025-10-01,JPM,311.37,1,311.37,12,Open,Long,4H JPM 1Skew,4h,4H JPM 1Skew
1587535611,2025-03-05,SPY,576.7,1,576.7,222,Open,Long,JS 4 Skew,2h,
1587702398,2025-09-11,VX1,18.0,1,18.0,31,Open,Long,1D VX1! 4Skew,1D,1D VX1! 4Skew
1588300761,2025-10-01,XLB,89.47,1,89.47,12,Open,Long,4H XLB NQ Skew,4h,4H XLB NQ Skew
1588307381,2025-10-02,XLB,88.55,1,88.55,11,Open,Long,1D XLB 1Skew,1D,1D XLB 1Skew
1588345790,2024-12-26,QQQ,530.29,1,530.29,290,Open,Long,JS 1 Skew,4h,
1588499739,2025-09-16,COST,952.26,1,952.26,27,Open,Long,1H COST 1Skew,1h,1H COST 1Skew
1590275465,2025-02-10,ASML,744.34,1,744.34,244,Open,Long,JS 1 Skew,2h,
1590434840,2025-08-28,NOW,891.0,1,891.0,46,Open,Long,2H NOW 1Skew,2h,2H NOW 1Skew
1590537655,2025-09-25,NVDA,177.97,1,177.97,18,Open,Long,Top Overall 44 Top Total Return 30 1H NVDA 1Skew,1h,Top Overall 44 Top Total Return 30 1H NVDA 1Skew
1601029722,2025-09-26,ABNB,122.13,1,122.13,17,Open,Long,1H ABNB 1Skew,1h,1H ABNB 1Skew
1601154728,2025-05-01,DFS,184.26,1,184.26,165,Open,Long,2H DFS 1Skew,2h,2H DFS 1Skew
1601340538,2024-11-15,AMD,136.54,1,136.54,332,Open,Long,JS 1 Skew,4h,
1603259835,2024-12-04,AMZN,215.96,1,215.96,313,Open,Long,JS Skew,1D,
1605659218,2025-07-30,CVNA,336.46,1,336.46,75,Open,Long,1D CVNA nSkew,1D,1D CVNA nSkew
1616552821,2025-09-30,PGY,29.17,1,29.17,12,Open,Long,Top Overall 71 Top Total Return 13 - 1H PGY NQSkew,1h,Top Overall 71 Top Total Return 13 - 1H PGY NQSkew
1619310657,2024-10-23,ACN,370.15,1,370.15,355,Open,Long,JS 1 Skew,2h,
1619313497,2025-09-08,ACN,254.69,1,254.69,35,Open,Long,4H ACN 1Skew,4h,4H ACN 1Skew
1623993847,2025-09-26,MELI,2498.55,1,2498.55,17,Open,Long,2H MELI 1Skew,2h,2H MELI 1Skew
1623999154,2025-09-26,HIMS,54.6,1,54.6,17,Open,Long,Top Overall 6 Top Total Return 38 4H HIMS nSkew,4h,Top Overall 6 Top Total Return 38 4H HIMS nSkew
1624007687,2025-09-18,ANET,144.0,1,144.0,25,Open,Long,Top Overall 30 Top Total Return 16 - 4H ANET Skew,4h,Top Overall 30 Top Total Return 16 - 4H ANET Skew
1624073370,2025-03-03,BWIN,40.66,1,40.66,224,Open,Long,Edge Cap 10% Stop NQ Skew,1h,
1624076185,2025-03-06,DOCS,66.91,1,66.91,220,Open,Long,JS 4 Skew,4h,
1627148725,2025-09-10,XBI,93.85,1,93.85,33,Open,Long,2H XBI 1Skew,2h,2H XBI 1Skew
1627155333,2025-09-19,UNH,339.0,1,339.0,24,Open,Long,4H UNH 10SL NQ,4h,4H UNH 10SL NQ
1627373291,2025-09-03,ENPH,37.35,1,37.35,39,Open,Long,2H ENPH 1Skew L2024,2h,2H ENPH 1Skew L2024
1627405379,2025-02-26,SMR,18.7,1,18.7,229,Open,Long,Edge Cap NQ Skew,1h,
1627436991,2025-09-30,GTLB,44.85,1,44.85,13,Open,Long,4H GTLB nEqual,4h,4H GTLB nEqual
1639730936,2025-02-26,AAOI,26.48,1,26.48,229,Open,Long,JS Skew,2h,
1639773227,2025-02-24,MGM,36.47,1,36.47,230,Open,Long,JS Skew,2h,
1640628500,2025-09-17,AXP,328.9,1,328.9,26,Open,Long,1D AXP Equal,1D,1D AXP Equal
1642427722,2025-08-26,SHOP,140.67,1,140.67,48,Open,Long,2H SHOP NQSkew,2h,2H SHOP NQSkew
1642469052,2025-09-25,CCJ,85.96,1,85.96,17,Open,Long,Top Overall 16 Top Total Return 11 - 2H CCJ nEqual,2h,Top Overall 16 Top Total Return 11 - 2H CCJ nEqual
1642732255,2025-02-28,OKLO,32.7,1,32.7,226,Open,Long,JS Skew,1h,
1643085738,2025-01-03,DAL,58.85,1,58.85,282,Open,Long,Edge Cap NQ Skew,2h,
1643092049,2025-01-21,OXY,50.72,1,50.72,264,Open,Long,JS Skew,4h,
1645246956,2025-09-23,GOOGL,251.77,1,251.77,20,Open,Long,2H GOOGL 1Skew,2h,2H GOOGL 1Skew
1660219783,2025-09-17,TSM,263.73,1,263.73,25,Open,Long,2H TSM 1Skew,2h,2H TSM 1Skew
1661349997,2025-02-18,BX,164.96,1,164.96,237,Open,Long,JS Skew,4h,
1661385027,2025-03-03,ALAB,75.17,1,75.17,224,Open,Long,JS 1Equal,1h,
1664664722,2025-09-24,ADBE,351.9,1,351.9,18,Open,Long,2H ADBE 1Equal,2h,2H ADBE 1Equal
1664696109,2024-12-30,TQQQ,82.5,1,82.5,286,Open,Long,Edge Cap NQ Skew,4h,
1665263393,2025-10-01,BN,68.33,1,68.33,11,Open,Long,2H BN 1Skew,2h,2H BN 1Skew
1665738565,2025-09-15,PG,157.88,1,157.88,28,Open,Long,1D PG Skew,1D,1D PG Skew
1666521571,2025-02-10,BTCUSD,97469.6,1,97469.6,244,Open,Long,JS Skew,5m,
1666524196,2025-02-10,ETHUSD,2632.03,1,2632.03,245,Open,Long,Edge Cap NQ Skew,5m,
1666731563,2025-09-19,LOW,266.65,1,266.65,24,Open,Long,2H LOW NQSkew,2h,2H LOW NQSkew
1666736055,2025-01-24,HD,414.47,1,414.47,262,Open,Long,JS 1Skew,2h,
1666795207,2025-08-06,RSP,183.48,1,183.48,68,Open,Long,1D RSP nEqual,1D,1D RSP nEqual
1666958283,2025-08-29,KRE,65.74,1,65.74,45,Open,Long,1H KRE NQSkew,1h,1H KRE NQSkew
1668970398,2025-10-02,RBLX,134.35,1,134.35,11,Open,Long,1H RBLX 1Equal,1h,1H RBLX 1Equal
1669148528,2025-03-04,OWL,20.16,1,20.16,222,Open,Long,Edge Cap NQ Skew,2h,
1669362663,2025-10-02,MARA,18.96,1,18.96,11,Open,Long,1H MARA SkewWSLTP,1h,1H MARA SkewWSLTP
1669371050,2025-03-03,HALO,59.03,1,59.03,224,Open,Long,JS Skew,2h,
1675978554,2025-10-03,MS,157.0,1,157.0,10,Open,Long,2H MS NQSkew,2h,2H MS NQSkew
1675987547,2025-01-29,BKNG,4732.74,1,4732.74,256,Open,Long,Edge Cap NQ Skew,2h,
1676848907,2025-09-17,SPGI,543.72,1,543.72,26,Open,Long,1H SPGI NQSkew,1h,1H SPGI NQSkew
1688875181,2025-09-02,TOST,43.66,1,43.66,41,Open,Long,2H TOST 1Equal,2h,2H TOST 1Equal
1713858497,2024-12-02,QQQ,0.85,1,0.85,315,Open,Long,JS Skew with ATR,4h,
1729153894,2025-01-08,QUBT,10.11,1,10.11,277,Open,Long,JS Skew with ATR,4h,
1732141201,2025-08-07,DRS,40.96,1,40.96,67,Open,Long,1H DRS 1Skew,1h,1H DRS 1Skew
1732156753,2025-02-10,TJX,124.79,1,124.79,244,Open,Long,Edge Cap NQ Skew,2h,
1761910535,2025-03-05,WDAY,256.47,1,256.47,221,Open,Long,Edge Cap NQ Skew,1h,
1761936086,2025-08-18,GDDY,143.72,1,143.72,56,Open,Long,1H GDDY 1Skew,1h,1H GDDY 1Skew
1761949639,2025-09-15,WIX,175.36,1,175.36,28,Open,Long,2H WIX Skew,2h,2H WIX Skew
1768469733,2025-08-26,DE,487.16,1,487.16,47,Open,Long,2H DE 1Skew,2h,2H DE 1Skew
1786949930,2025-03-12,COHR,67.66,1,67.66,214,Open,Long,JS 1Skew,30m,
1787017342,2025-09-29,FLUT,284.44,1,284.44,14,Open,Long,4H FLUT Skew with ATR,4h,4H FLUT Skew with ATR
1787028137,2025-02-21,FNGU,629.75,1,629.75,234,Open,Long,JS 1Skew,1h,
1966275047,2025-03-06,QQQ,489.44,1,489.44,220,Open,Long,JS Skew,4h,
1999119353,2025-09-30,MPWR,895.45,1,895.45,13,Open,Long,2H MPWR NQSkew,2h,2H MPWR NQSkew
2034331519,2025-09-30,ALNY,456.41,1,456.41,13,Open,Long,2H ALNY nSkew v3 20%SL 10%TP,2h,2H ALNY nSkew v3 20%SL 10%TP
2034484583,2025-10-01,SPOT,714.41,1,714.41,12,Open,Long,Top Overall 25 Top Total Return 14 - 2H SPOT nSkew v3 5%SL 10%TP,2h,Top Overall 25 Top Total Return 14 - 2H SPOT nSkew v3 5%SL 10%TP
2034570900,2025-10-02,HIMS,58.05,1,58.05,10,Open,Long,Top Overall 20 Top Total Return 20 - 15M HIMS nSkew v3 10%SL 5%TP,15m,Top Overall 20 Top Total Return 20 - 15M HIMS nSkew v3 10%SL 5%TP
2034593161,2025-10-02,PODD,312.15,1,312.15,10,Open,Long,4H PODD nSkew SL TP v3,4h,4H PODD nSkew SL TP v3
2039441547,2025-09-09,FAS,175.0,1,175.0,34,Open,Long,2H FAS NQSkew v3 10%SL 15%PT,2h,2H FAS NQSkew v3 10%SL 15%PT
2044675718,2025-10-03,BX,168.41,1,168.41,9,Open,Long,4H BX nSkew v3 5%SL 50%TP,4h,4H BX nSkew v3 5%SL 50%TP
2044727309,2025-09-23,ANF,87.16,1,87.16,19,Open,Long,4H ANF nSkew v3 10%SL 20%TP,4h,4H ANF nSkew v3 10%SL 20%TP
2044750935,2025-08-21,WM,229.55,1,229.55,52,Open,Long,4H WM nSkew v3 10%SL 20%TP,4h,4H WM nSkew v3 10%SL 20%TP
2044755421,2025-10-03,META,714.84,1,714.84,10,Open,Long,4H Meta nSkew v3 20%SL 30%TP,4h,4H Meta nSkew v3 20%SL 30%TP
2047800363,2025-10-01,DOCS,70.87,1,70.87,12,Open,Long,Top Overall 52 Top Total Return 61 4H DOCS 4Skew v3 3%SL 20%TP,4h,Top Overall 52 Top Total Return 61 4H DOCS 4Skew v3 3%SL 20%TP
2049143665,2025-10-03,NVDL,94.6,1,94.6,9,Open,Long,Top Overall 26 Top Total Return 29 - 30M NVDL nEqual v3 3%SL 5%TP,30m,Top Overall 26 Top Total Return 29 - 30M NVDL nEqual v3 3%SL 5%TP
2049200593,2025-09-29,AMZN,221.76,1,221.76,13,Open,Long,30M AMZN nSkew v3 10%SL 30%TP,30m,30M AMZN nSkew v3 10%SL 30%TP
2049200593,2025-04-03,AMZN.,14901.0,1,14901.0,193,Open,Long,30M AMZN nSkew v3 10%SL 30%TP,30m,30M AMZN nSkew v3 10%SL 30%TP
2049207023,2025-09-24,BRK.B,494.5,1,494.5,19,Open,Long,1H BRK.B nSkew v3 10%SL 15%TP,1h,1H BRK.B nSkew v3 10%SL 15%TP
2052729434,2025-10-03,SPY,670.35,1,670.35,10,Open,Long,2H SPY 4Skew v3 10%SL 10%TP,2h,2H SPY 4Skew v3 10%SL 10%TP
2054081956,2025-10-01,WULF,11.47,1,11.47,11,Open,Long,Top Overall 53 Top Total Return 5 - 1H WULF nSkew 10%SL 30%TP,1h,Top Overall 53 Top Total Return 5 - 1H WULF nSkew 10%SL 30%TP
2055141377,2025-10-05,BTCUSD,123345.0,1,123345.0,8,Open,Long,15M BTCUSD nSkew v3 3%SL 5%TP,15m,15M BTCUSD nSkew v3 3%SL 5%TP
2057636215,2025-09-26,RCL,325.99,1,325.99,16,Open,Long,1H RCL NQSkew v3 5%SL 10%TP,1h,1H RCL NQSkew v3 5%SL 10%TP
2072168635,2025-10-03,TEM,91.46,1,91.46,9,Open,Long,30M TEM 4Skew v3 3%SL 10%TP,30m,30M TEM 4Skew v3 3%SL 10%TP
2072773029,2025-09-30,VST,194.13,1,194.13,13,Open,Long,1H VST NQSkew v3 3%SL 10%TP,1h,1H VST NQSkew v3 3%SL 10%TP
2074997618,2025-09-29,AXON,713.5,1,713.5,14,Open,Long,Top Overall 27 Top Total Return 24 - 1H AXON 1Skew v3 5%SL 20%TP,1h,Top Overall 27 Top Total Return 24 - 1H AXON 1Skew v3 5%SL 20%TP
2075022365,2025-09-22,MA,585.64,1,585.64,21,Open,Long,2H MA 1Skew v3 5%SL 10%TP,2h,2H MA 1Skew v3 5%SL 10%TP
2078936541,2025-09-04,BKNG,5586.07,1,5586.07,38,Open,Long,2H BKNG NQSkew v3 10%SL 10%TP,2h,2H BKNG NQSkew v3 10%SL 10%TP
2083276989,2025-10-01,DAL,56.11,1,56.11,11,Open,Long,2H DAL NQSkew v3 10%SL 5%TP,2h,2H DAL NQSkew v3 10%SL 5%TP
2089138764,2025-09-29,PRCH,17.05,1,17.05,13,Open,Long,Top Overall 105 Top Total Return 25 - 2H PRCH nEqual v3 5%SL 20%TP,2h,Top Overall 105 Top Total Return 25 - 2H PRCH nEqual v3 5%SL 20%TP
2089170699,2025-10-03,ALAB,206.94,1,206.94,10,Open,Long,1H ALAB 1Equal v3 5%SL 10%TP,1h,1H ALAB 1Equal v3 5%SL 10%TP
2093148485,2025-10-03,FN,371.02,1,371.02,10,Open,Long,30M FN 1Skew v3 3%SL 10%TP,30m,30M FN 1Skew v3 3%SL 10%TP
2093181064,2025-09-25,VTS,24.02,1,24.02,18,Open,Long,30M 1Skew v3 5%SL 10%TP,30m,30M 1Skew v3 5%SL 10%TP
2094469017,2025-09-24,CSCO,67.18,1,67.18,19,Open,Long,1H CSCO 1Skew v3 5%SL 15%TP,1h,1H CSCO 1Skew v3 5%SL 15%TP
2094480455,2025-10-02,ABBV,236.63,1,236.63,10,Open,Long,1H ABBV 4Skew v3 3%SL 10%TP,1h,1H ABBV 4Skew v3 3%SL 10%TP
2098766151,2025-10-03,SVIX,21.3,1,21.3,10,Open,Long,15M SVIX nSkew v3 3%SL 3%TP,15m,15M SVIX nSkew v3 3%SL 3%TP
2189521020,2025-09-26,SJM,109.19,1,109.19,17,Open,Long,1H SJM NQSkew v3 5%SL 5%TP,1h,1H SJM NQSkew v3 5%SL 5%TP
2230913464,2025-10-01,ORLY,106.69,1,106.69,12,Open,Long,Top 26 Top Overall 146 30M ORLY 1Skew v3 5%SL 1%TP,30m,Top 26 Top Overall 146 30M ORLY 1Skew v3 5%SL 1%TP
2230914776,2025-09-30,MSFT,517.75,1,517.75,12,Open,Long,Top Overall 24 Top Total Return 57 - 30M MSFT 1Skew v3 5%SL 1%TP,30m,Top Overall 24 Top Total Return 57 - 30M MSFT 1Skew v3 5%SL 1%TP
2230942012,2025-10-02,DGX,181.25,1,181.25,10,Open,Long,30M DGX 1Skew v3 5%SL 1%TP,30m,30M DGX 1Skew v3 5%SL 1%TP
2230961262,2025-09-30,AFL,111.69,1,111.69,12,Open,Long,30M AFL 1Skew v3 5%SL 1%TP,30m,30M AFL 1Skew v3 5%SL 1%TP
2231047727,2025-10-02,TJX,142.97,1,142.97,10,Open,Long,30M TJX 1Skew v3 5%SL 1%TP,30m,30M TJX 1Skew v3 5%SL 1%TP
2231110658,2025-09-24,MCD,304.17,1,304.17,19,Open,Long,30M MCD 1Skew v3 5%SL 1%TP,30m,30M MCD 1Skew v3 5%SL 1%TP
2231133538,2025-10-03,CDW,161.27,1,161.27,10,Open,Long,30M CDW 1Skew v3 5%SL 1%TP,30m,30M CDW 1Skew v3 5%SL 1%TP
2236206443,2025-10-03,GOOGL,244.5,1,244.5,10,Open,Long,30M GOOGL 1Skew v3 5%SL 1%TP,30m,30M GOOGL 1Skew v3 5%SL 1%TP
2236214714,2025-10-02,YUM,151.66,1,151.66,11,Open,Long,30M YUM 1Skew v3 5%SL 1%TP,30m,30M YUM 1Skew v3 5%SL 1%TP
2238750097,2025-10-02,CDNS,350.03,1,350.03,10,Open,Long,30M CDNS 1Skew v3 5%SL 1%TP,30m,30M CDNS 1Skew v3 5%SL 1%TP
2238765758,2025-10-02,DPZ,431.55,1,431.55,10,Open,Long,30M DPZ 1Skew v3 5%SL 1%TP,30m,30M DPZ 1Skew v3 5%SL 1%TP
2238812778,2025-09-29,JPM,315.02,1,315.02,13,Open,Long,30M JPM 1Skew v3 5%SL 1%TP,30m,30M JPM 1Skew v3 5%SL 1%TP
2238816270,2025-10-02,HD,396.18,1,396.18,10,Open,Long,30M HD 1Skew v3 5%SL 1%TP,30m,30M HD 1Skew v3 5%SL 1%TP
2238818033,2025-10-02,ICE,162.26,1,162.26,10,Open,Long,30M ICE 1Skew v3 5%SL 1%TP,30m,30M ICE 1Skew v3 5%SL 1%TP
2238826581,2025-10-01,LH,284.92,1,284.92,12,Open,Long,30M LH 1Skew v3 5%SL 1%TP,30m,30M LH 1Skew v3 5%SL 1%TP
2252737121,2025-10-03,VRTX,410.15,1,410.15,10,Open,Long,30M VRTX 1Skew v3 5%SL 1%TP,30m,30M VRTX 1Skew v3 5%SL 1%TP
2252741495,2025-09-26,MNST,64.81,1,64.81,17,Open,Long,30M MNST 1Skew v3 5%SL 1%TP,30m,30M MNST 1Skew v3 5%SL 1%TP
2252742762,2025-10-03,RSG,224.57,1,224.57,10,Open,Long,30M RSG 1Skew v3 5%SL 1%TP,30m,30M RSG 1Skew v3 5%SL 1%TP
2252744046,2025-10-02,SBAC,191.74,1,191.74,11,Open,Long,30M SBAC 1Skew 5%SL 1%TP,30m,30M SBAC 1Skew 5%SL 1%TP
2252746772,2025-10-03,LW,62.81,1,62.81,9,Open,Long,30M LW 1Skew v3 5%SL 1%TP,30m,30M LW 1Skew v3 5%SL 1%TP
2252747463,2025-09-26,FDS,290.39,1,290.39,17,Open,Long,30M FDS 1Skew v3 5%SL 1%TP,30m,30M FDS 1Skew v3 5%SL 1%TP
2252749509,2025-09-30,GL,142.99,1,142.99,12,Open,Long,30M GL 1Skew v3 5%SL 1%TP,30m,30M GL 1Skew v3 5%SL 1%TP
2252752754,2025-07-08,TMO,430.02,1,430.02,97,Open,Long,30M TMO 1Skew v3 5%SL 1%TP,30m,30M TMO 1Skew v3 5%SL 1%TP
2252753999,2025-10-02,PKG,214.61,1,214.61,11,Open,Long,30M PKG 1Skew 5%SL 1%TP,30m,30M PKG 1Skew 5%SL 1%TP
2252754640,2025-10-01,COST,917.28,1,917.28,11,Open,Long,30M COST 1Skew v3 5%SL 1%TP,30m,30M COST 1Skew v3 5%SL 1%TP
2252757120,2025-10-03,DHR,219.34,1,219.34,10,Open,Long,30M DHR 1Skew v3 5%SL 1%TP,30m,30M DHR 1Skew v3 5%SL 1%TP
2252758713,2025-09-19,AVY,164.67,1,164.67,24,Open,Long,30M AVY 1Skew v3 5%SL 1%TP,30m,30M AVY 1Skew v3 5%SL 1%TP
2252760384,2025-10-01,VRSN,274.6,1,274.6,11,Open,Long,30M VRSN 1Skew v3 5%SL 1%TP,30m,30M VRSN 1Skew v3 5%SL 1%TP
2252789476,2025-10-02,VRSK,247.92,1,247.92,11,Open,Long,30M VRSK 1Skew v3 5%SL 1%TP,30m,30M VRSK 1Skew v3 5%SL 1%TP
2252985412,2025-10-01,SPGI,484.09,1,484.09,11,Open,Long,30M SPGI 1Skew 5%SL 1%TP,30m,30M SPGI 1Skew 5%SL 1%TP
2253005172,2025-09-22,PTC,205.18,1,205.18,20,Open,Long,Top Overall 41 Top Total Return 84 - 30M PTC 1Skew v3 5%SL 1%TP,30m,Top Overall 41 Top Total Return 84 - 30M PTC 1Skew v3 5%SL 1%TP
2253021288,2025-09-30,META,732.51,1,732.51,13,Open,Long,Top Overall 36 Top Total Return 70 - 30M META 1Skew v3 5%SL 1%TP,30m,Top Overall 36 Top Total Return 70 - 30M META 1Skew v3 5%SL 1%TP
2258409115,2025-10-01,INTU,684.1,1,684.1,12,Open,Long,30M INTU 1Skew v3 5%SL 1%TP,30m,30M INTU 1Skew v3 5%SL 1%TP
2258496129,2025-10-03,XLK,285.16,1,285.16,9,Open,Long,Top Overall 46 Top Total Return 83 - 30M XLK 1Skew v3 5%SL 1%TP,30m,Top Overall 46 Top Total Return 83 - 30M XLK 1Skew v3 5%SL 1%TP
2258515368,2025-10-03,TT,424.86,1,424.86,10,Open,Long,30M TT 1Skew v3 5%SL 1%TP,30m,30M TT 1Skew v3 5%SL 1%TP
2258527115,2025-09-29,AMP,498.65,1,498.65,13,Open,Long,30M AMP 1Skew v3 5%SL 1%TP,30m,30M AMP 1Skew v3 5%SL 1%TP
2258529947,2025-09-29,BAC,52.25,1,52.25,13,Open,Long,30M BAC 1Skew v3 5%SL 1%TP,30m,30M BAC 1Skew v3 5%SL 1%TP
2258541673,2025-09-30,MS,161.21,1,161.21,13,Open,Long,30M MS 1Skew v3 5%SL 1%TP,30m,30M MS 1Skew v3 5%SL 1%TP
2263349546,2025-10-02,NWSA,28.77,1,28.77,10,Open,Long,30M NWSA 1Skew v3 5%SL 1%TP,30m,30M NWSA 1Skew v3 5%SL 1%TP
2265315236,2025-10-03,NXPI,228.38,1,228.38,9,Open,Long,30M NXPI 1Skew v3 5%SL 1%TP,30m,30M NXPI 1Skew v3 5%SL 1%TP
2265359573,2025-10-01,ON,49.36,1,49.36,12,Open,Long,Top Overall 4 Top Total Return 18 - 30M ON 1Skew v3 5%SL 1%TP,30m,Top Overall 4 Top Total Return 18 - 30M ON 1Skew v3 5%SL 1%TP
2265401711,2025-10-03,KMX,46.27,1,46.27,9,Open,Long,30M KMX 1Skew v3 5%SL 1%TP,30m,30M KMX 1Skew v3 5%SL 1%TP
2334041530,2025-10-03,ANET,145.95,1,145.95,9,Open,Long,1H ANET nSkew v3 5%SL 10%TP,1h,1H ANET nSkew v3 5%SL 10%TP
2334187679,2025-10-03,PLTR,173.06,1,173.06,9,Open,Long,30M PLTR nSkew v3 5%SL 1%TP,30m,30M PLTR nSkew v3 5%SL 1%TP
2334220592,2025-10-03,PANW,207.71,1,207.71,10,Open,Long,15M PANW nSkew v3 5%SL 5%TP,15m,15M PANW nSkew v3 5%SL 5%TP
2342832364,2025-10-03,RBLX,122.96,1,122.96,9,Open,Long,15M RBLX 1Skew v3 3%SL 1%TP,15m,15M RBLX 1Skew v3 3%SL 1%TP
2348759816,2025-10-03,HOOD,148.63,1,148.63,9,Open,Long,15M HOOD nEqual v3 5%SL 1%TP,15m,15M HOOD nEqual v3 5%SL 1%TP
2482566557,2025-10-01,WM,220.55,1,220.55,11,Open,Long,15M WM 1Skew v3 5%SL 1%TP,15m,15M WM 1Skew v3 5%SL 1%TP
2482575089,2025-10-03,PANW,208.0,1,208.0,10,Open,Long,10M PANW 1Skew v3 5%SL 1%TP,10m,10M PANW 1Skew v3 5%SL 1%TP
2504342885,2025-07-24,MNQ1,23390.0,1,23390.0,81,Open,Long,30M MNQ1! nSkew ATR v3 ,30m,30M MNQ1! nSkew ATR v3 
2565669383,2025-10-03,BULL,14.38,1,14.38,9,Open,Long,15M BULL nEqual v3 2%SL 2%TP,15m,15M BULL nEqual v3 2%SL 2%TP
2686082879,2025-10-03,NVDA,187.33,1,187.33,9,Open,Long,1H NVDA 1Skew v3 5%SL 6%TP,1h,1H NVDA 1Skew v3 5%SL 6%TP
2686143694,2025-10-03,INTU,680.13,1,680.13,9,Open,Long,15M INTU 1Skew v3 5%SL 6%TP,15m,15M INTU 1Skew v3 5%SL 6%TP
2686172134,2025-09-23,JPM,311.59,1,311.59,20,Open,Long,30M JPM 1Skew v3 5%SL 6%TP,30m,30M JPM 1Skew v3 5%SL 6%TP
2686188389,2025-09-25,CCJ,85.94,1,85.94,17,Open,Long,2H CCJ nEqual v3 5%SL 6%TP,2h,2H CCJ nEqual v3 5%SL 6%TP
2688635736,2025-10-03,XLK,285.16,1,285.16,9,Open,Long,30M XLK 1Skew v3 1%SL 5%TP,30m,30M XLK 1Skew v3 1%SL 5%TP
2696319205,2025-10-03,MNQ1,25018.75,1,25018.75,9,Open,Long,5M MNQ! ECP Futures Version C - 20TP 50SL - Normal Sessions only,5m,5M MNQ! ECP Futures Version C - 20TP 50SL - Normal Sessions only
2700627332,2025-10-03,MNQ1,25018.75,1,25018.75,9,Open,Long,5M MNQ! ECP Futures C - 20TP 50SL - All sessions ,5m,5M MNQ! ECP Futures C - 20TP 50SL - All sessions 
2976818528,2025-10-03,GLD,357.27,1,357.27,9,Open,Long,30M GLD nSkew ATR v3 Heikin,15m,30M GLD nSkew ATR v3 Heikin
2976911539,2025-10-03,OKLO,127.32,1,127.32,9,Open,Long,30M OKLO nSkew v3 3%SL 15%TP,30m,30M OKLO nSkew v3 3%SL 15%TP
2976986114,2025-10-02,NFLX,1155.13,1,1155.13,11,Open,Long,30M NFLX nSkew v3 5%SL 5%TP,30m,30M NFLX nSkew v3 5%SL 5%TP
3016664839,2025-10-03,SPRX,39.82,1,39.82,10,Open,Long,10M SPRX 1Skew v3 3%SL 3%TP,10m,10M SPRX 1Skew v3 3%SL 3%TP
3034720445,2025-10-01,MES1,6758.75,1,6758.75,11,Open,Long,5M MES! ECP Futures C - 50TP 40SL,5m,5M MES! ECP Futures C - 50TP 40SL
3089155115,2025-10-03,SPY,670.35,1,670.35,10,Open,Long,2H SPY 4Skew v3 5%SL 5%TP,2h,2H SPY 4Skew v3 5%SL 5%TP
3089163567,2025-10-03,SPY,670.35,1,670.35,10,Open,Long,2H SPY 4Skew v3 3%SL 3%TP,2h,2H SPY 4Skew v3 3%SL 3%TP
3089167252,2025-10-02,SPY,669.49,1,669.49,10,Open,Long,1H SPY 4Skew v3 5%SL 3%TP,1h,1H SPY 4Skew v3 5%SL 3%TP
